id,telegram_id,symbol,status,old_pnl_usdt,new_pnl_usdt,delta,db_order_id,open_order_id,close_order_id,opened_at,closed_at
584,282898946,SOLUSDT,max_hold_time_exceeded,0.0,0.2433006,0.2433006,2043723869525528576,2043723869525528576,2043731462218149888,2026-04-13T16:11:57.395612+00:00,2026-04-13T16:42:07.852112+00:00
13,5187148337,SOLUSDT,closed_manual,0.0,0.6081890000000001,0.6081890000000001,2033925477886648320,2033925477886648320,2034110572316696576,2026-03-17T15:16:36.714417+00:00,2026-04-13T08:49:58.936368+00:00
15,5187148337,ETHUSDT,closed_manual,0.0,-0.09472204,-0.09472204,2033930711568592896,2033930711568592896,1232293806133925184,2026-03-17T15:37:24.510193+00:00,2026-04-13T08:49:58.936368+00:00
10,5366384434,ETHUSDT,closed_manual,0.0,-1.77291252,-1.77291252,2033925250853199872,2033925250853199872,2034180626290929664,2026-03-17T15:15:42.588054+00:00,2026-04-13T08:49:58.936368+00:00
12,5366384434,SOLUSDT,closed_manual,0.0,-0.36282960000000003,-0.36282960000000003,2033925459515572224,2033925459515572224,2034180626244792320,2026-03-17T15:16:32.338341+00:00,2026-04-13T08:49:58.936368+00:00
20,5366384434,ETHUSDT,closed_manual,0.0,-1.77314094,-1.77314094,2034029600527200256,2034029600527200256,2034180626290929664,2026-03-17T22:10:22.506658+00:00,2026-04-13T08:49:58.936368+00:00
22,5366384434,BNBUSDT,closed_manual,0.0,-2.1433224,-2.1433224,2034029826059042816,2034029826059042816,8276489148004491605,2026-03-17T22:11:14.883669+00:00,2026-04-13T08:49:58.936368+00:00
804,7989568931,UNIUSDT,sideways_max_hold_exceeded,-0.52291743,0.032748514285714396,0.5556659442857144,2044361233243402240,2044361233243402240,2044361808697704448,2026-04-15T10:24:35.194298+00:00,2026-04-15T10:26:52.855479+00:00
588,7582955848,SOLUSDT,max_hold_time_exceeded,0.0,0.5947348,0.5947348,2043723870452363264,2043723870452363264,2043731461685432320,2026-04-13T16:11:58.620998+00:00,2026-04-13T16:42:07.160889+00:00
415,985106924,SOLUSDT,closed_manual,0.0,-6.789639,-6.789639,2041028503764070400,2041028503764070400,6669898540154910053,2026-04-06T05:41:30.529954+00:00,2026-04-13T08:49:58.936368+00:00
433,312485564,ETHUSDT,closed_manual,0.0,4.5836423533333335,4.5836423533333335,,2041160522426843136,4775187331938959447,2026-04-06T14:26:06.824413+00:00,2026-04-13T08:49:58.936368+00:00
393,985106924,ADAUSDT,closed_manual,0.0,12.38881416,12.38881416,,2040703979201867776,2040813482610139136,2026-04-05T08:11:57.912491+00:00,2026-04-13T08:49:58.936368+00:00
591,5874734020,SOLUSDT,max_hold_time_exceeded,0.0,0.0811002,0.0811002,2043723870288871424,2043723870288871424,2043731462222348288,2026-04-13T16:11:59.090475+00:00,2026-04-13T16:42:08.014917+00:00
596,1187119989,SOLUSDT,max_hold_time_exceeded,0.0,0.0960912,0.0960912,2043723870691524608,2043723870691524608,2043731462813700096,2026-04-13T16:11:59.789011+00:00,2026-04-13T16:42:08.209613+00:00
434,801937545,ETHUSDT,closed_manual,0.0,-0.56193502,-0.56193502,,2041160526671478784,7236132847287823857,2026-04-06T14:26:07.259091+00:00,2026-04-13T08:49:58.936368+00:00
592,1087836223,SOLUSDT,max_hold_time_exceeded,0.0,0.2561336,0.2561336,2043723870448173056,2043723870448173056,2043731461345734656,2026-04-13T16:11:59.217925+00:00,2026-04-13T16:42:05.965189+00:00
589,8429733088,SOLUSDT,max_hold_time_exceeded,0.0,4.9741456,4.9741456,2043723870079176704,2043723870079176704,2043731461404409856,2026-04-13T16:11:58.818889+00:00,2026-04-13T16:42:06.234672+00:00
587,1969755249,SOLUSDT,max_hold_time_exceeded,0.0,0.5136345999999999,0.5136345999999999,2043723870100127744,2043723870100127744,2043731461656068096,2026-04-13T16:11:58.374077+00:00,2026-04-13T16:42:06.981281+00:00
595,312485564,SOLUSDT,max_hold_time_exceeded,0.0,2.3248724,2.3248724,2043723870691438592,2043723870691438592,2043731461458935808,2026-04-13T16:11:59.626583+00:00,2026-04-13T16:42:06.441946+00:00
585,6954315669,SOLUSDT,max_hold_time_exceeded,0.0,0.1622004,0.1622004,2043723869496147968,2043723869496147968,2043731461404459008,2026-04-13T16:11:57.632148+00:00,2026-04-13T16:42:06.626257+00:00
586,7675185179,SOLUSDT,max_hold_time_exceeded,0.0,0.540668,0.540668,2043723869907210240,2043723869907210240,2043731461454786560,2026-04-13T16:11:58.167121+00:00,2026-04-13T16:42:06.799265+00:00
396,801937545,ETHUSDT,closed_manual,0.0,-0.59039806,-0.59039806,,2040778312670621696,7236132847287823857,2026-04-05T13:07:21.975797+00:00,2026-04-13T08:49:58.936368+00:00
594,8030312242,SOLUSDT,max_hold_time_exceeded,0.0,0.135167,0.135167,2043723870553026560,2043723870553026560,2043731462012583936,2026-04-13T16:11:59.498962+00:00,2026-04-13T16:42:07.345706+00:00
397,985106924,ETHUSDT,closed_manual,0.0,-8.79983529,-8.79983529,,2040778315241730048,7261202753011928450,2026-04-05T13:07:22.170816+00:00,2026-04-13T08:49:58.936368+00:00
593,1766523174,SOLUSDT,max_hold_time_exceeded,0.0,0.056133600000000006,0.056133600000000006,2043723870569807872,2043723870569807872,2043731462134222848,2026-04-13T16:11:59.361855+00:00,2026-04-13T16:42:07.498727+00:00
475,8429733088,SOLUSDT,sideways_max_hold_exceeded,0.0,-0.06758072,-0.06758072,,2042196753734545408,2042197335023144960,2026-04-09T11:03:43.057866+00:00,2026-04-09T11:06:02.024031+00:00
590,2107355248,SOLUSDT,max_hold_time_exceeded,0.0,0.6758350000000001,0.6758350000000001,2043723870486024192,2043723870486024192,2043731462159413248,2026-04-13T16:11:58.954187+00:00,2026-04-13T16:42:07.669581+00:00
476,312485564,SOLUSDT,sideways_max_hold_exceeded,-0.3541051,-0.061133599999999996,0.2929715,,2042197191359827968,2042197788486148096,2026-04-09T11:05:27.370872+00:00,2026-04-09T11:07:49.914347+00:00
493,8429733088,ETHUSDT,sideways_max_hold_exceeded,1.17284903,-0.123304794,-1.2961538240000001,,2042213390252634112,2042214023512834048,2026-04-09T12:09:49.488048+00:00,2026-04-09T12:12:20.751716+00:00
644,2107355248,ADAUSDT,closed_manual,0.0,-5.827706880000001,-5.827706880000001,2043773446161027072,2043773446161027072,8203797159819122784,2026-04-13T19:28:59.735325+00:00,2026-04-14T02:21:20.805451+00:00
519,7675185179,DOTUSDT,closed_manual,0.0,-0.43898476193691477,-0.43898476193691477,,2042384989228478464,4097493758857615432,2026-04-09T23:31:44.954902+00:00,2026-04-13T08:49:58.936368+00:00
602,6954315669,UNIUSDT,closed_manual,0.0,-0.15247439999999998,-0.15247439999999998,2043749753884114944,2043749753884114944,6058865824446123864,2026-04-13T17:54:51.956009+00:00,2026-04-13T19:41:04.137925+00:00
465,8429733088,UNIUSDT,sideways_max_hold_exceeded,0.0,-0.0658196,-0.0658196,,2042134055369961472,2042134622750224384,2026-04-09T06:54:36.451853+00:00,2026-04-09T06:56:49.934025+00:00
600,8030312242,UNIUSDT,closed_manual,0.0,-0.11435580000000001,-0.11435580000000001,2043749753418551296,2043749753418551296,9013395607556873136,2026-04-13T17:54:51.697582+00:00,2026-04-13T19:41:07.538312+00:00
477,8429733088,LINKUSDT,sideways_max_hold_exceeded,-0.35863699,-0.08971103999999999,0.26892594999999997,,2042209915884154880,2042210472455692288,2026-04-09T11:56:02.05048+00:00,2026-04-09T11:58:14.092446+00:00
481,312485564,LINKUSDT,sideways_max_hold_exceeded,0.1665343,-0.04372992,-0.21026422,,2042210393946660864,2042211050044899328,2026-04-09T11:57:55.293452+00:00,2026-04-09T12:00:31.850987+00:00
490,2107355248,XRPUSDT,sideways_max_hold_exceeded,0.04656498,-0.005766708000000001,-0.052331688,,2042211903640297472,2042212534744616960,2026-04-09T12:03:55.069138+00:00,2026-04-09T12:06:26.73516+00:00
491,312485564,XRPUSDT,sideways_max_hold_exceeded,0.62685306,-0.050605566000000005,-0.677458626,,2042211907108900864,2042212543707844608,2026-04-09T12:03:56.040987+00:00,2026-04-09T12:06:28.074716+00:00
606,1187119989,UNIUSDT,closed_manual,0.0,-0.063531,-0.063531,2043749753909248000,2043749753909248000,3362664100813420521,2026-04-13T17:54:52.95197+00:00,2026-04-13T19:41:09.481158+00:00
457,985106924,ETHUSDT,closed_manual,0.0,-7.5936,-7.5936,2041826873105489920,2041826873105489920,7261202753011928450,2026-04-08T10:33:56.582685+00:00,2026-04-13T08:49:58.936368+00:00
431,312485564,ADAUSDT,closed_manual,0.0,-30.85070394,-30.85070394,,2041159740822466560,6351579215306593999,2026-04-06T14:22:59.887129+00:00,2026-04-13T08:49:58.936368+00:00
408,8429733088,SOLUSDT,closed_manual,0.0,5.6641636,5.6641636,2040817206745174016,2040817206745174016,2043731461404409856,2026-04-05T15:41:53.357618+00:00,2026-04-13T08:49:58.936368+00:00
409,8429733088,XRPUSDT,closed_manual,0.0,-0.26671112,-0.26671112,2040817417806782464,2040817417806782464,2044471346801197056,2026-04-05T15:42:43.680293+00:00,2026-04-13T08:49:58.936368+00:00
605,1766523174,UNIUSDT,closed_manual,0.0,-0.11435580000000001,-0.11435580000000001,2043749753926045696,2043749753926045696,692411306515382744,2026-04-13T17:54:52.817006+00:00,2026-04-13T19:41:10.465871+00:00
429,801937545,DOGEUSDT,closed_manual,0.0,-0.051422228,-0.051422228,,2041149237874237440,2042250555976089600,2026-04-06T13:41:15.868079+00:00,2026-04-13T08:49:58.936368+00:00
430,312485564,DOGEUSDT,closed_manual,0.0,4.807042266000001,4.807042266000001,,2041149638333747200,2944265325769651820,2026-04-06T13:42:51.27192+00:00,2026-04-13T08:49:58.936368+00:00
439,312485564,DOGEUSDT,closed_manual,0.0,5.315546706000001,5.315546706000001,,2041288511647006720,2944265325769651820,2026-04-06T22:54:41.982716+00:00,2026-04-13T08:49:58.936368+00:00
425,801937545,BTCUSDT,closed_manual,0.0,0.10500249199999998,0.10500249199999998,,2041113742070894592,2041208151403753472,2026-04-06T11:20:12.975696+00:00,2026-04-13T08:49:58.936368+00:00
424,312485564,BTCUSDT,closed_manual,0.0,-0.6008217779999999,-0.6008217779999999,,2041113739575197696,2043882741577867264,2026-04-06T11:20:12.79009+00:00,2026-04-13T08:49:58.936368+00:00
447,312485564,XRPUSDT,closed_manual,0.0,-0.059379968000000005,-0.059379968000000005,2041678722042290176,2041678722042290176,2044463347835691008,2026-04-08T00:45:14.607204+00:00,2026-04-13T08:49:58.936368+00:00
448,312485564,DOGEUSDT,closed_manual,0.0,5.297521530000001,5.297521530000001,2041678943434391552,2041678943434391552,2944265325769651820,2026-04-08T00:46:07.394636+00:00,2026-04-13T08:49:58.936368+00:00
441,312485564,BTCUSDT,closed_manual,0.0,-0.0862056,-0.0862056,,2041301244962455552,2043882741577867264,2026-04-06T23:45:18.635128+00:00,2026-04-13T08:49:58.936368+00:00
445,2107355248,ADAUSDT,closed_manual,0.0,-5.6824620900000005,-5.6824620900000005,,2041607322023587840,8203797159819122784,2026-04-07T20:01:33.111802+00:00,2026-04-13T08:49:58.936368+00:00
452,7675185179,BNBUSDT,closed_manual,0.0,-0.62183628,-0.62183628,2041753478502338560,2041753478502338560,2043755642158399488,2026-04-08T05:42:17.941297+00:00,2026-04-13T08:49:58.936368+00:00
454,801937545,AVAXUSDT,closed_manual,0.0,-0.3221594,-0.3221594,2041754600029917184,2041754600029917184,1171021444538978541,2026-04-08T05:46:45.330933+00:00,2026-04-13T08:49:58.936368+00:00
455,801937545,ETHUSDT,closed_manual,0.0,-0.56244874,-0.56244874,2041754818070827008,2041754818070827008,7236132847287823857,2026-04-08T05:47:37.324072+00:00,2026-04-13T08:49:58.936368+00:00
456,801937545,SOLUSDT,closed_manual,0.0,-0.25099899999999997,-0.25099899999999997,2041755037370044416,2041755037370044416,7521341940868054088,2026-04-08T05:48:29.609022+00:00,2026-04-13T08:49:58.936368+00:00
442,985106924,BTCUSDT,closed_manual,0.0,-7.094889,-7.094889,2041437592818094080,2041437592818094080,2956878597594496821,2026-04-07T08:47:04.974198+00:00,2026-04-13T08:49:58.936368+00:00
451,7675185179,SOLUSDT,closed_manual,0.0,-0.1327843714285714,-0.1327843714285714,2041753256103550976,2041753256103550976,3620989677750199758,2026-04-08T05:41:24.912493+00:00,2026-04-13T08:49:58.936368+00:00
470,8429733088,AVAXUSDT,sideways_max_hold_exceeded,0.0,-0.059732400000000005,-0.059732400000000005,,2042163077772541952,2042163704732889088,2026-04-09T08:50:02.515837+00:00,2026-04-09T08:52:23.728193+00:00
485,7582955848,LINKUSDT,sideways_max_hold_exceeded,0.07444247,-0.009023992,-0.08346646199999999,,2042210442625818624,2042211110518300672,2026-04-09T11:58:06.714253+00:00,2026-04-09T12:00:46.376707+00:00
487,7582955848,XRPUSDT,sideways_max_hold_exceeded,0.05004104,-0.014945,-0.06498604,,2042211831447896064,2042212360416718848,2026-04-09T12:03:37.837844+00:00,2026-04-09T12:05:44.298369+00:00
506,312485564,ATOMUSDT,sideways_max_hold_exceeded,0.58094917,-0.004367616000000001,-0.585316786,,2042308018792452096,2042308624277921792,2026-04-09T18:25:51.187595+00:00,2026-04-09T18:28:15.461791+00:00
14,5366384434,ETHUSDT,closed_manual,0.0,-1.77155334,-1.77155334,2033930691356221440,2033930691356221440,2034180626290929664,2026-03-17T15:37:19.701438+00:00,2026-04-13T08:49:58.936368+00:00
394,312485564,ADAUSDT,closed_manual,0.0,-31.03838472,-31.03838472,,2040704072378286080,6351579215306593999,2026-04-05T08:12:20.07063+00:00,2026-04-13T08:49:58.936368+00:00
399,312485564,ETHUSDT,closed_manual,0.0,4.3870198333333335,4.3870198333333335,,2040778320266436608,4775187331938959447,2026-04-05T13:07:22.481789+00:00,2026-04-13T08:49:58.936368+00:00
411,985106924,DOTUSDT,closed_manual,0.0,6.4049777,6.4049777,,2040937064480706560,2040938692399190016,2026-04-05T23:38:09.712287+00:00,2026-04-13T08:49:58.936368+00:00
412,985106924,AVAXUSDT,closed_manual,0.0,0.6398836,0.6398836,2041026434600665088,2041026434600665088,2041873378889834496,2026-04-06T05:33:17.184147+00:00,2026-04-13T08:49:58.936368+00:00
414,985106924,DOGEUSDT,closed_manual,0.0,3.30225231,3.30225231,2041026871814844416,2041026871814844416,2041095665090449408,2026-04-06T05:35:01.412717+00:00,2026-04-13T08:49:58.936368+00:00
459,985106924,SOLUSDT,closed_manual,0.0,-6.549,-6.549,2041827335334637568,2041827335334637568,6669898540154910053,2026-04-08T10:35:46.777462+00:00,2026-04-13T08:49:58.936368+00:00
460,985106924,BTCUSDT,closed_manual,0.0,-6.144,-6.144,2041827567862636544,2041827567862636544,2956878597594496821,2026-04-08T10:36:42.229331+00:00,2026-04-13T08:49:58.936368+00:00
501,1766523174,XRPUSDT,closed_manual,0.0,0.34086718,0.34086718,,2042253287797673984,9005700802856278702,2026-04-09T14:48:22.290334+00:00,2026-04-13T08:49:58.936368+00:00
507,8429733088,ATOMUSDT,sideways_max_hold_exceeded,0.0,-0.057535992,-0.057535992,,2042308022227587072,2042308605902630912,2026-04-09T18:25:51.51759+00:00,2026-04-09T18:28:11.30709+00:00
510,2107355248,ATOMUSDT,sideways_max_hold_exceeded,0.08633341,-0.0013083079999999993,-0.087641718,,2042308171209179136,2042308746470629376,2026-04-09T18:26:27.207628+00:00,2026-04-09T18:28:44.53404+00:00
511,1766523174,ATOMUSDT,sideways_max_hold_exceeded,0.12279096,-0.00046389600000000053,-0.12325485600000001,,2042308171624415232,2042308746495705088,2026-04-09T18:26:27.350135+00:00,2026-04-09T18:28:44.662632+00:00
514,801937545,ATOMUSDT,sideways_max_hold_exceeded,0.07165261,-0.02203132,-0.09368393,,2042308870903013376,2042309565274189824,2026-04-09T18:29:17.106821+00:00,2026-04-09T18:31:59.615634+00:00
616,312485564,BNBUSDT,sideways_max_hold_exceeded,0.0,-7.28723088,-7.28723088,2043755119069937664,2043755119069937664,2043755642179354624,2026-04-13T18:16:06.977173+00:00,2026-04-13T18:18:11.522273+00:00
619,7582955848,BNBUSDT,sideways_max_hold_exceeded,0.0,-1.11483756,-1.11483756,2043755119380316160,2043755119380316160,2043755642141577216,2026-04-13T18:16:07.362768+00:00,2026-04-13T18:18:11.866054+00:00
622,282898946,BNBUSDT,sideways_max_hold_exceeded,-3.15,-0.3172302,2.8327698,2043755119665618944,2043755119665618944,2043755642636533760,2026-04-13T18:16:07.752187+00:00,2026-04-13T18:18:12.57137+00:00
615,8429733088,BNBUSDT,sideways_max_hold_exceeded,0.0,-5.73507999652889,-5.73507999652889,2043755119057346560,2043755119057346560,2043755642707808256,2026-04-13T18:16:06.85633+00:00,2026-04-13T18:18:12.999436+00:00
610,6954315669,BNBUSDT,sideways_max_hold_exceeded,0.0,-0.28097532000000003,-0.28097532000000003,2043755118570819584,2043755118570819584,2043755642766548992,2026-04-13T18:16:06.169108+00:00,2026-04-13T18:18:13.171888+00:00
613,1087836223,BNBUSDT,sideways_max_hold_exceeded,0.0,-0.24443370000000003,-0.24443370000000003,2043755118986149888,2043755118986149888,2043755642787532800,2026-04-13T18:16:06.593705+00:00,2026-04-13T18:18:13.355569+00:00
599,7582955848,UNIUSDT,closed_manual,0.0,-0.5971913999999999,-0.5971913999999999,2043749752885776384,2043749752885776384,5989161806842300820,2026-04-13T17:54:48.977889+00:00,2026-04-13T19:40:59.523534+00:00
597,5874734020,UNIUSDT,closed_manual,0.0,-0.0889434,-0.0889434,2043749752290279424,2043749752290279424,2115194506744960645,2026-04-13T17:54:48.649693+00:00,2026-04-13T19:41:01.135448+00:00
609,8429733088,UNIUSDT,closed_manual,0.0,-6.8867604,-6.8867604,2043749755188531200,2043749755188531200,2671206887911836930,2026-04-13T17:54:53.406202+00:00,2026-04-13T19:41:01.952814+00:00
598,1969755249,UNIUSDT,closed_manual,0.0,-0.3303612,-0.3303612,2043749752860708864,2043749752860708864,412962522293030281,2026-04-13T17:54:48.847801+00:00,2026-04-13T19:41:03.36198+00:00
659,7675185179,AVAXUSDT,max_hold_time_exceeded,0.0,0.1348352,0.1348352,2043798929967788032,2043798929967788032,2043806565308170240,2026-04-13T21:10:16.717264+00:00,2026-04-13T21:40:32.78369+00:00
662,7582955848,AVAXUSDT,max_hold_time_exceeded,0.0,0.1179808,0.1179808,2043798930617888768,2043798930617888768,2043806568646836224,2026-04-13T21:10:17.154157+00:00,2026-04-13T21:40:33.799218+00:00
641,1187119989,ADAUSDT,closed_manual,0.0,-0.58618536,-0.58618536,2043773446148468736,2043773446148468736,5987542084016723732,2026-04-13T19:28:57.746972+00:00,2026-04-14T02:21:21.874716+00:00
643,7675185179,ADAUSDT,closed_manual,0.0,-4.1772820799999995,-4.1772820799999995,2043773446135865344,2043773446135865344,3783281748418244721,2026-04-13T19:28:59.577421+00:00,2026-04-14T02:21:22.358301+00:00
512,8030312242,ATOMUSDT,sideways_max_hold_exceeded,0.09525611,-0.014646520000000001,-0.10990263,,2042308856969486336,2042309550929670144,2026-04-09T18:29:10.613977+00:00,2026-04-09T18:31:56.277909+00:00
515,8429733088,ATOMUSDT,sideways_max_hold_exceeded,5.00280216,-0.30782308,-5.31062524,,2042308885834735616,2042309557724491776,2026-04-09T18:29:17.416944+00:00,2026-04-09T18:31:58.461622+00:00
513,1087836223,ATOMUSDT,sideways_max_hold_exceeded,0.0541646,-0.0166158,-0.0707804,,2042308870882066432,2042309561289572352,2026-04-09T18:29:16.964233+00:00,2026-04-09T18:31:59.044769+00:00
516,7582955848,ATOMUSDT,sideways_max_hold_exceeded,0.14836002,-0.03818669399999999,-0.186546714,,2042309170179190784,2042309755959803904,2026-04-09T18:30:25.197382+00:00,2026-04-09T18:32:45.163906+00:00
620,7675185179,BNBUSDT,sideways_max_hold_exceeded,-9.63,-0.96981804,8.660181960000001,2043755119581642752,2043755119581642752,2043755642158399488,2026-04-13T18:16:07.49685+00:00,2026-04-13T18:18:11.338891+00:00
614,5874734020,BNBUSDT,sideways_max_hold_exceeded,0.0,-0.19033812,-0.19033812,2043755119069933568,2043755119069933568,2043755642166792192,2026-04-13T18:16:06.72288+00:00,2026-04-13T18:18:12.049471+00:00
617,2107355248,BNBUSDT,sideways_max_hold_exceeded,0.0,-1.29611196,-1.29611196,2043755119166496768,2043755119166496768,2043755642741379072,2026-04-13T18:16:07.092139+00:00,2026-04-13T18:18:12.774805+00:00
611,8030312242,BNBUSDT,sideways_max_hold_exceeded,0.0,-0.23565672,-0.23565672,2043755118755368960,2043755118755368960,2043755643085328384,2026-04-13T18:16:06.332971+00:00,2026-04-13T18:18:13.521905+00:00
624,5874734020,SOLUSDT,closed_manual,0.0,-0.051703200000000005,-0.051703200000000005,2043758487347793920,2043758487347793920,6570816741633381443,2026-04-13T18:29:31.281993+00:00,2026-04-13T19:41:01.18868+00:00
601,312485564,UNIUSDT,closed_manual,0.0,-2.3633531999999997,-2.3633531999999997,2043749753456295936,2043749753456295936,2644871096500013945,2026-04-13T17:54:51.823033+00:00,2026-04-13T19:41:08.60658+00:00
607,282898946,UNIUSDT,closed_manual,0.0,-0.1651806,-0.1651806,2043749754689421312,2043749754689421312,2570595529087583749,2026-04-13T17:54:53.114033+00:00,2026-04-13T19:41:11.284781+00:00
653,282898946,AVAXUSDT,max_hold_time_exceeded,0.0,0.1435614,0.1435614,2043798928432652288,2043798928432652288,2043806490687279104,2026-04-13T21:10:13.087886+00:00,2026-04-13T21:40:14.343047+00:00
657,2107355248,AVAXUSDT,max_hold_time_exceeded,0.0,0.1516896,0.1516896,2043798930177503232,2043798930177503232,2043806565278822400,2026-04-13T21:10:16.296528+00:00,2026-04-13T21:40:32.618681+00:00
663,8429733088,AVAXUSDT,max_hold_time_exceeded,0.0,1.0618272,1.0618272,2043798930605314048,2043798930605314048,2043806570869768192,2026-04-13T21:10:17.325247+00:00,2026-04-13T21:40:34.000064+00:00
665,7989568931,AVAXUSDT,max_hold_time_exceeded,0.0,0.08427200000000001,0.08427200000000001,2043798930735345664,2043798930735345664,2043806570878185472,2026-04-13T21:10:17.625351+00:00,2026-04-13T21:40:34.173129+00:00
636,1087836223,ADAUSDT,closed_manual,0.0,-1.75870898,-1.75870898,2043773410291294208,2043773410291294208,7981470884166784495,2026-04-13T19:28:55.640752+00:00,2026-04-14T02:21:18.594691+00:00
637,5874734020,ADAUSDT,closed_manual,0.0,-0.84426818,-0.84426818,2043773431384424448,2043773431384424448,7864466163235125635,2026-04-13T19:28:56.698696+00:00,2026-04-14T02:21:19.157378+00:00
645,312485564,ADAUSDT,closed_manual,0.0,-31.57433376,-31.57433376,2043773446844719104,2043773446844719104,6351579215306593999,2026-04-13T19:28:59.879397+00:00,2026-04-14T02:21:23.455363+00:00
647,6954315669,ADAUSDT,closed_manual,0.0,-1.27481088,-1.27481088,2043773447893213184,2043773447893213184,5613779180532102893,2026-04-13T19:29:00.287798+00:00,2026-04-14T02:21:23.964612+00:00
528,8429733088,ADAUSDT,sideways_max_hold_exceeded,2.215636,-0.0005628599999999984,-2.21619886,,2042483604202590208,2042484183893078016,2026-04-10T06:03:33.627199+00:00,2026-04-10T06:05:52.045305+00:00
527,2107355248,ADAUSDT,sideways_max_hold_exceeded,0.06120797,0.004452299999999999,-0.05675567,,2042483603820908544,2042484195909791744,2026-04-10T06:03:33.419724+00:00,2026-04-10T06:05:54.857845+00:00
529,312485564,SOLUSDT,sideways_max_hold_exceeded,0.43703678,-0.009296899999999999,-0.44633368,,2042485610472382464,2042486160496619520,2026-04-10T06:11:33.303173+00:00,2026-04-10T06:13:43.304691+00:00
530,312485564,SOLUSDT,sideways_max_hold_exceeded,-0.25034582,-0.0402225,0.21012332,,2042504434399617024,2042504957907505152,2026-04-10T07:26:19.835008+00:00,2026-04-10T07:28:25.003917+00:00
534,312485564,DOGEUSDT,sideways_max_hold_exceeded,-0.16899782,-0.042377048,0.126620772,,2042505284723482624,2042505912237572096,2026-04-10T07:29:42.55232+00:00,2026-04-10T07:32:12.513789+00:00
535,312485564,ETHUSDT,sideways_max_hold_exceeded,0.17879494,-0.009161438000000001,-0.187956378,,2042505638529810432,2042506181281116160,2026-04-10T07:31:07.313267+00:00,2026-04-10T07:33:16.633006+00:00
539,7675185179,DOGEUSDT,sideways_max_hold_exceeded,0.05816892,-0.0087012,-0.06687012,,2042506086833848320,2042506641744375808,2026-04-10T07:32:53.792702+00:00,2026-04-10T07:35:06.44818+00:00
541,312485564,ETHUSDT,sideways_max_hold_exceeded,-0.10466968,-0.029732032,0.074937648,,2042506405009563648,2042506976126885888,2026-04-10T07:34:09.653827+00:00,2026-04-10T07:36:26.28004+00:00
542,312485564,XRPUSDT,sideways_max_hold_exceeded,0.07683362,-0.023175168,-0.100008788,,2042506899635339264,2042507431259213824,2026-04-10T07:36:07.707997+00:00,2026-04-10T07:38:14.671864+00:00
546,312485564,ETHUSDT,sideways_max_hold_exceeded,-0.28920596,-0.043258138,0.24594782199999998,,2042507215797821440,2042507747925000192,2026-04-10T07:37:23.384696+00:00,2026-04-10T07:39:30.097927+00:00
521,2107355248,DOTUSDT,closed_manual,0.0,-0.0692754,-0.0692754,,2042384989463314432,8538064738997694389,2026-04-09T23:31:45.26704+00:00,2026-04-13T08:49:58.936368+00:00
522,1766523174,DOTUSDT,closed_manual,0.0,-0.2434758,-0.2434758,,2042384992374145024,2287878344090813962,2026-04-09T23:31:45.481172+00:00,2026-04-13T08:49:58.936368+00:00
523,7582955848,DOTUSDT,closed_manual,0.0,-0.06016152,-0.06016152,,2042385190886395904,1556877768441897397,2026-04-09T23:32:31.534812+00:00,2026-04-13T08:49:58.936368+00:00
547,312485564,XRPUSDT,sideways_max_hold_exceeded,-0.34918313,-0.03871966,0.31046347,,2042507865944367104,2042508474328150016,2026-04-10T07:39:58.223297+00:00,2026-04-10T07:42:23.545126+00:00
618,1969755249,BNBUSDT,sideways_max_hold_exceeded,0.0,-0.48037715999999997,-0.48037715999999997,2043755119170699264,2043755119170699264,2043755642594607104,2026-04-13T18:16:07.208554+00:00,2026-04-13T18:18:12.416828+00:00
548,312485564,ADAUSDT,sideways_max_hold_exceeded,-0.83012234,-0.09271236000000001,0.7374099799999999,,2042510720591822848,2042511265591234560,2026-04-10T07:51:18.867027+00:00,2026-04-10T07:53:28.841381+00:00
550,7582955848,ADAUSDT,sideways_max_hold_exceeded,-0.10589496,-0.0182,0.08769495999999999,,2042510744025432064,2042511280665571328,2026-04-10T07:51:24.461796+00:00,2026-04-10T07:53:32.355374+00:00
551,7675185179,ADAUSDT,sideways_max_hold_exceeded,-0.10844127,-0.01350324,0.09493803,,2042510764552368128,2042511355261276160,2026-04-10T07:51:29.42489+00:00,2026-04-10T07:53:50.160445+00:00
552,7675185179,LINKUSDT,sideways_max_hold_exceeded,-0.07507883,-0.005968497821596299,0.0691103321784037,,2042518088864067584,2042518682584551424,2026-04-10T08:20:35.300657+00:00,2026-04-10T08:22:57.265791+00:00
563,7582955848,LINKUSDT,sideways_max_hold_exceeded,0.07284985,-0.004873440000000001,-0.07772329,,2042518991809630208,2042519539048849408,2026-04-10T08:24:10.580325+00:00,2026-04-10T08:26:21.702276+00:00
564,1766523174,LINKUSDT,sideways_max_hold_exceeded,0.0604923,-0.00201498,-0.06250728,,2042518992514228224,2042519543012487168,2026-04-10T08:24:10.762629+00:00,2026-04-10T08:26:23.199668+00:00
565,7675185179,LINKUSDT,sideways_max_hold_exceeded,0.05003459,-0.00022508344490729986,-0.050259673444907296,,2042519086055641088,2042519700953206784,2026-04-10T08:24:33.058541+00:00,2026-04-10T08:27:00.253406+00:00
566,8429733088,LINKUSDT,sideways_max_hold_exceeded,0.0,-0.073590456,-0.073590456,2042846673898426368,2042846673898426368,2042847370039635968,2026-04-11T06:06:16.420496+00:00,2026-04-11T06:09:02.786358+00:00
621,1766523174,BNBUSDT,sideways_max_hold_exceeded,0.0,-0.1341822857142857,-0.1341822857142857,2043755119573344256,2043755119573344256,2043755642108051456,2026-04-13T18:16:07.622576+00:00,2026-04-13T18:18:11.689157+00:00
612,1187119989,BNBUSDT,sideways_max_hold_exceeded,0.0,-0.14501952,-0.14501952,2043755118998724608,2043755118998724608,2043755642443587584,2026-04-13T18:16:06.470044+00:00,2026-04-13T18:18:12.243406+00:00
633,7582955848,SOLUSDT,closed_manual,0.0,-0.323145,-0.323145,2043758488367026176,2043758488367026176,6375822019261651498,2026-04-13T18:29:32.889718+00:00,2026-04-13T19:40:59.466179+00:00
604,1087836223,UNIUSDT,closed_manual,0.0,-0.21600540000000001,-0.21600540000000001,2043749753888215040,2043749753888215040,7519650555437803753,2026-04-13T17:54:52.299209+00:00,2026-04-13T19:41:00.201363+00:00
603,2107355248,UNIUSDT,closed_manual,0.0,-0.6988409999999999,-0.6988409999999999,2043749753779257344,2043749753779257344,8359415775941253826,2026-04-13T17:54:52.087053+00:00,2026-04-13T19:41:02.826196+00:00
608,7675185179,UNIUSDT,closed_manual,0.0,-0.5209542,-0.5209542,2043749755167539200,2043749755167539200,6009427901303798999,2026-04-13T17:54:53.270484+00:00,2026-04-13T19:41:12.080438+00:00
579,8429733088,DOGEUSDT,sideways_max_hold_exceeded,-0.60282369,-0.09220081599999999,0.5106228740000001,2042856943127502848,2042856943127502848,2042857464311693312,2026-04-11T06:47:04.903102+00:00,2026-04-11T06:49:09.0623+00:00
577,312485564,DOGEUSDT,sideways_max_hold_exceeded,-0.27967993,-0.053369352,0.226310578,2042856933950365696,2042856933950365696,2042857464328507392,2026-04-11T06:47:02.319274+00:00,2026-04-11T06:49:09.245872+00:00
581,8429733088,UNIUSDT,sideways_max_hold_exceeded,1.69568153,0.0305928,-1.6650887300000001,,2043079756035805184,2043080301161025536,2026-04-11T21:32:27.203685+00:00,2026-04-11T21:34:37.682929+00:00
582,7675185179,UNIUSDT,sideways_max_hold_exceeded,0.25792267,0.0043704,-0.25355227,,2043079762591444992,2043080311248318464,2026-04-11T21:32:28.744556+00:00,2026-04-11T21:34:40.119417+00:00
664,312485564,AVAXUSDT,max_hold_time_exceeded,0.0,0.4382144,0.4382144,2043798930580135936,2043798930580135936,2043806568072216576,2026-04-13T21:10:17.463278+00:00,2026-04-13T21:40:33.29281+00:00
583,8429733088,AVAXUSDT,sideways_max_hold_exceeded,0.30449921,-0.049435,-0.35393421,2043424805340692480,2043424805340692480,2043425330903687168,2026-04-12T20:23:33.521655+00:00,2026-04-12T20:25:39.379463+00:00
658,1766523174,AVAXUSDT,max_hold_time_exceeded,0.0,0.0727088,0.0727088,2043798929938419712,2043798929938419712,2043806570974674944,2026-04-13T21:10:16.505537+00:00,2026-04-13T21:40:34.570853+00:00
646,282898946,ADAUSDT,closed_manual,0.0,-1.5935136,-1.5935136,2043773447192764416,2043773447192764416,4245974300718695865,2026-04-13T19:29:00.024343+00:00,2026-04-14T02:21:25.053935+00:00
446,312485564,SOLUSDT,closed_manual,0.0,2.7017156,2.7017156,2041677060418424832,2041677060418424832,2043731461458935808,2026-04-08T00:38:38.44671+00:00,2026-04-13T08:49:58.936368+00:00
453,7675185179,ATOMUSDT,closed_manual,0.0,-2.199638412,-2.199638412,2041753698753699840,2041753698753699840,2043154819510472704,2026-04-08T05:43:10.448339+00:00,2026-04-13T08:49:58.936368+00:00
449,312485564,UNIUSDT,closed_manual,0.0,-2.0625828,-2.0625828,2041679159709491200,2041679159709491200,2644871096500013945,2026-04-08T00:46:58.956965+00:00,2026-04-13T08:49:58.936368+00:00
623,1087836223,SOLUSDT,closed_manual,0.0,-0.0716661,-0.0716661,2043758487364476928,2043758487364476928,4185942333897826524,2026-04-13T18:29:31.120417+00:00,2026-04-13T19:41:00.259885+00:00
635,2107355248,SOLUSDT,closed_manual,0.0,-0.38777399999999995,-0.38777399999999995,2043758488736108544,2043758488736108544,4727653656590217394,2026-04-13T18:29:33.140162+00:00,2026-04-13T19:41:02.882825+00:00
632,282898946,SOLUSDT,closed_manual,0.0,-0.09048060000000001,-0.09048060000000001,2043758488387993600,2043758488387993600,4735123233294740966,2026-04-13T18:29:32.763873+00:00,2026-04-13T19:41:11.332817+00:00
652,1969755249,XRPUSDT,closed_tp,105.1974,3.12320932,-102.07419068,2043797380780630016,2043797380780630016,2044057102804889600,2026-04-13T21:04:02.444972+00:00,2026-04-14T15:43:52.281359+00:00
11,5187148337,ETHUSDT,closed_manual,0.0,-0.095014,-0.095014,2033925268343447552,2033925268343447552,1232293806133925184,2026-03-17T15:15:46.756567+00:00,2026-04-13T08:49:58.936368+00:00
450,7675185179,AVAXUSDT,closed_manual,0.0,0.1338416,0.1338416,2041753037064495104,2041753037064495104,2043806565308170240,2026-04-08T05:40:32.690981+00:00,2026-04-13T08:49:58.936368+00:00
6,5187148337,BTCUSDT,closed_manual,0.0,-0.0763015,-0.0763015,2033921515380883456,2033921515380883456,2034110534291087360,2026-03-17T15:00:51.98875+00:00,2026-04-13T08:49:58.936368+00:00
629,1969755249,SOLUSDT,closed_manual,0.0,-0.12925799999999998,-0.12925799999999998,2043758488362721280,2043758488362721280,5747774707283559388,2026-04-13T18:29:32.37932+00:00,2026-04-13T19:41:03.427795+00:00
631,312485564,SOLUSDT,closed_manual,0.0,-2.0810538,-2.0810538,2043758488366911488,2043758488366911488,2092084100302480753,2026-04-13T18:29:32.636481+00:00,2026-04-13T19:41:08.663069+00:00
413,985106924,ETHUSDT,closed_manual,0.0,-7.95145176,-7.95145176,2041026659264339968,2041026659264339968,7261202753011928450,2026-04-06T05:34:10.731894+00:00,2026-04-13T08:49:58.936368+00:00
458,985106924,UNIUSDT,closed_manual,0.0,-7.1207063999999995,-7.1207063999999995,2041827102324224000,2041827102324224000,8576252869319727690,2026-04-08T10:34:51.226631+00:00,2026-04-13T08:49:58.936368+00:00
634,8429733088,SOLUSDT,closed_manual,0.0,-2.972934,-2.972934,2043758488459284480,2043758488459284480,6589969361792960453,2026-04-13T18:29:33.017531+00:00,2026-04-13T19:41:02.038161+00:00
626,6954315669,SOLUSDT,closed_manual,0.0,-0.07755480000000001,-0.07755480000000001,2043758487893028864,2043758487893028864,1107583082293143567,2026-04-13T18:29:31.895543+00:00,2026-04-13T19:41:04.180061+00:00
630,8030312242,SOLUSDT,closed_manual,0.0,-0.06462899999999999,-0.06462899999999999,2043758488333430784,2043758488333430784,6489961111073114990,2026-04-13T18:29:32.49308+00:00,2026-04-13T19:41:07.589562+00:00
627,7675185179,SOLUSDT,closed_manual,0.0,-0.29729340000000004,-0.29729340000000004,2043758487729475584,2043758487729475584,2858822724602148689,2026-04-13T18:29:32.078626+00:00,2026-04-13T19:41:12.132379+00:00
638,7582955848,ADAUSDT,closed_manual,0.0,-4.91464722,-4.91464722,2043773443904446464,2043773443904446464,4344967595826596372,2026-04-13T19:28:57.25606+00:00,2026-04-14T02:21:19.736089+00:00
625,1766523174,SOLUSDT,closed_manual,0.0,0.2146288,0.2146288,2043758487964356608,2043758487964356608,505537392900634902,2026-04-13T18:29:31.774208+00:00,2026-04-14T02:21:22.924015+00:00
839,1969755249,LINKUSDT,max_hold_time_exceeded,0.0,0.17847121600000002,0.17847121600000002,2044426638787997696,2044426638787997696,2044434326435442688,2026-04-15T14:44:37.873372+00:00,2026-04-15T15:15:02.758533+00:00
838,7582955848,LINKUSDT,max_hold_time_exceeded,0.0,0.061450956,0.061450956,2044426638779613184,2044426638779613184,2044434505280569344,2026-04-15T14:44:37.717439+00:00,2026-04-15T15:15:44.707405+00:00
842,8429733088,ADAUSDT,max_hold_time_exceeded,0.0,0.11697189999999999,0.11697189999999999,2044426653975506944,2044426653975506944,2044434617516044288,2026-04-15T14:44:42.214685+00:00,2026-04-15T15:16:11.449026+00:00
840,2107355248,ADAUSDT,max_hold_time_exceeded,0.0,0.0507906,0.0507906,2044426642835517440,2044426642835517440,2044434703864078336,2026-04-15T14:44:38.178463+00:00,2026-04-15T15:16:32.06789+00:00
847,7675185179,LINKUSDT,max_hold_time_exceeded,0.0,0.06746875,0.06746875,2044426732023123968,2044426732023123968,2044434920034398208,2026-04-15T14:44:54.808007+00:00,2026-04-15T15:17:23.569264+00:00
939,7989568931,ATOMUSDT,closed_tp,0.0,-0.07411851,-0.07411851,2044440864621420544,2044440864621420544,4172344742866105512,2026-04-15T15:41:05.373646+00:00,2026-04-15T16:07:19.791294+00:00
639,8429733088,ADAUSDT,closed_manual,0.0,-46.08668976,-46.08668976,2043773446169436160,2043773446169436160,565396666664952233,2026-04-13T19:28:57.494818+00:00,2026-04-14T02:21:20.271656+00:00
642,1766523174,ADAUSDT,closed_manual,0.0,-1.27481088,-1.27481088,2043773446173548544,2043773446173548544,2461821409775493387,2026-04-13T19:28:59.41733+00:00,2026-04-14T02:21:22.873126+00:00
673,8030312242,UNIUSDT,closed_manual,0.0,-0.1151346,-0.1151346,2043946064528891904,2043946064528891904,3263569305226880549,2026-04-14T06:54:55.965674+00:00,2026-04-14T07:33:12.988353+00:00
686,7989568931,AVAXUSDT,closed_manual,0.0,-0.3718332,-0.3718332,2043948572882079744,2043948572882079744,1730853227554617751,2026-04-14T07:04:54.482489+00:00,2026-04-14T07:33:14.342289+00:00
678,312485564,UNIUSDT,closed_manual,0.0,-0.9559360909090949,-0.9559360909090949,2043946065279643648,2043946065279643648,3842623092832715993,2026-04-14T06:54:56.694879+00:00,2026-04-14T07:33:17.39565+00:00
690,5874734020,AVAXUSDT,closed_manual,0.0,-0.0826296,-0.0826296,2043948573838389248,2043948573838389248,5518054326230539908,2026-04-14T07:04:55.614878+00:00,2026-04-14T07:33:18.195647+00:00
672,2107355248,UNIUSDT,closed_manual,0.0,-0.4628787428571438,-0.4628787428571438,2043946064449171456,2043946064449171456,7681456944906465561,2026-04-14T06:54:55.832406+00:00,2026-04-14T07:33:18.744123+00:00
674,1187119989,UNIUSDT,closed_manual,0.0,-0.0679086,-0.0679086,2043946065044791296,2043946065044791296,5483059233613501404,2026-04-14T06:54:56.103477+00:00,2026-04-14T07:33:19.427329+00:00
684,1187119989,AVAXUSDT,closed_manual,0.0,-0.0826296,-0.0826296,2043948572714303488,2043948572714303488,967952028954059849,2026-04-14T07:04:54.186547+00:00,2026-04-14T07:33:19.498067+00:00
688,1087836223,AVAXUSDT,closed_manual,0.0,-0.1652592,-0.1652592,2043948572659802112,2043948572659802112,2478691105814536415,2026-04-14T07:04:54.818338+00:00,2026-04-14T07:33:22.67202+00:00
687,282898946,AVAXUSDT,closed_manual,0.0,-0.2892036,-0.2892036,2043948572932419584,2043948572932419584,5004427328125878677,2026-04-14T07:04:54.615684+00:00,2026-04-14T07:33:23.5154+00:00
677,6954315669,UNIUSDT,closed_manual,0.0,-0.0974883,-0.0974883,2043946064533098496,2043946064533098496,8130312110370140747,2026-04-14T06:54:56.555945+00:00,2026-04-14T07:33:24.11947+00:00
679,1766523174,UNIUSDT,closed_manual,0.0,-0.1614552,-0.1614552,2043946065145454592,2043946065145454592,2585760314046826461,2026-04-14T06:54:56.838817+00:00,2026-04-14T07:33:25.013646+00:00
685,1766523174,AVAXUSDT,closed_manual,0.0,-0.20657399999999998,-0.20657399999999998,2043948573200855040,2043948573200855040,5351828545522007381,2026-04-14T07:04:54.345077+00:00,2026-04-14T07:33:25.139794+00:00
680,7582955848,UNIUSDT,closed_manual,0.0,-0.37800000000000006,-0.37800000000000006,2043946065137078272,2043946065137078272,5467985334342953621,2026-04-14T06:54:56.972928+00:00,2026-04-14T07:33:25.711829+00:00
689,7582955848,AVAXUSDT,closed_manual,0.0,-0.4544628,-0.4544628,2043948573318295552,2043948573318295552,4676833781285483737,2026-04-14T07:04:55.459317+00:00,2026-04-14T07:33:25.773614+00:00
692,7675185179,AVAXUSDT,closed_manual,0.0,-0.2892036,-0.2892036,2043948577634234368,2043948577634234368,3507075600208164183,2026-04-14T07:04:56.254721+00:00,2026-04-14T07:33:26.401919+00:00
683,8429733088,UNIUSDT,closed_manual,0.0,-0.5595724615384639,-0.5595724615384639,2043946065946566656,2043946065946566656,1984487236163969942,2026-04-14T06:54:57.434995+00:00,2026-04-14T07:33:27.013569+00:00
691,8429733088,AVAXUSDT,closed_manual,0.0,-0.6610368,-0.6610368,2043948577957195776,2043948577957195776,3122935961165240795,2026-04-14T07:04:56.122639+00:00,2026-04-14T07:33:27.078379+00:00
667,312485564,LINKUSDT,closed_sl,-61.182576,-3.8458956239999997,57.336680376,2043882058917163008,2043882058917163008,5988297916824883441,2026-04-14T02:40:31.206582+00:00,2026-04-15T01:36:07.247307+00:00
669,312485564,SOLUSDT,closed_sl,-93.66,-3.4607580000000002,90.199242,2043882918351085568,2043882918351085568,5361973301527199939,2026-04-14T02:43:56.126463+00:00,2026-04-15T01:36:07.559601+00:00
708,8030312242,UNIUSDT,closed_manual,0.0,-0.1113264,-0.1113264,2043948877610893312,2043948877610893312,3263569305226880549,2026-04-14T07:06:06.683266+00:00,2026-04-14T07:33:13.100724+00:00
700,1187119989,UNIUSDT,closed_manual,0.0,-0.064095,-0.064095,2043948767921451008,2043948767921451008,5483059233613501404,2026-04-14T07:05:47.838285+00:00,2026-04-14T07:33:19.536431+00:00
709,6954315669,UNIUSDT,closed_manual,0.0,-0.0936789,-0.0936789,2043948877719912448,2043948877719912448,8130312110370140747,2026-04-14T07:06:06.821292+00:00,2026-04-14T07:33:24.252764+00:00
841,312485564,ETHUSDT,max_hold_time_exceeded,0.0,0.18610373600000002,0.18610373600000002,2044426647495307264,2044426647495307264,2044434405699457024,2026-04-15T14:44:38.984027+00:00,2026-04-15T15:15:20.938001+00:00
844,312485564,LINKUSDT,max_hold_time_exceeded,0.0,0.20303676,0.20303676,2044426703363506176,2044426703363506176,2044434419158978560,2026-04-15T14:44:48.574248+00:00,2026-04-15T15:15:24.205054+00:00
846,8429733088,LINKUSDT,max_hold_time_exceeded,0.0,0.140984032,0.140984032,2044426706412756992,2044426706412756992,2044434621248884736,2026-04-15T14:44:49.850418+00:00,2026-04-15T15:16:12.326535+00:00
845,2107355248,LINKUSDT,max_hold_time_exceeded,0.0,0.06267184,0.06267184,2044426704126799872,2044426704126799872,2044434711158075392,2026-04-15T14:44:48.932297+00:00,2026-04-15T15:16:33.751361+00:00
852,7989568931,ATOMUSDT,closed_tp,0.0,-0.067482562,-0.067482562,2044428204676870144,2044428204676870144,4913944527518293233,2026-04-15T14:50:42.403408+00:00,2026-04-15T15:22:30.126176+00:00
697,2107355248,AVAXUSDT,closed_manual,0.0,-0.6343904,-0.6343904,2043948708895019008,2043948708895019008,3130464139690912775,2026-04-14T07:05:24.333353+00:00,2026-04-14T07:33:18.817988+00:00
710,2107355248,UNIUSDT,closed_manual,0.0,-0.44192374285714375,-0.44192374285714375,2043948877552164864,2043948877552164864,7681456944906465561,2026-04-14T07:06:07.017495+00:00,2026-04-14T07:33:18.847438+00:00
696,6954315669,AVAXUSDT,closed_manual,0.0,-0.1299444,-0.1299444,2043948701567569920,2043948701567569920,3857413518595096668,2026-04-14T07:05:23.432856+00:00,2026-04-14T07:33:24.322464+00:00
707,7675185179,UNIUSDT,closed_manual,0.0,-0.23555017777777817,-0.23555017777777817,2043948851971084288,2043948851971084288,4676888486474849619,2026-04-14T07:06:05.66471+00:00,2026-04-14T07:33:26.475471+00:00
694,1969755249,AVAXUSDT,closed_tp,0.0,-0.7386588,-0.7386588,2043948578271768576,2043948578271768576,1883577257253983187,2026-04-14T07:04:56.541173+00:00,2026-04-14T23:56:10.647318+00:00
859,282898946,ATOMUSDT,closed_tp,0.0,-0.055219776,-0.055219776,2044431241571016704,2044431241571016704,3171748522284842672,2026-04-15T15:02:49.268203+00:00,2026-04-15T15:22:47.591227+00:00
695,8030312242,AVAXUSDT,closed_manual,0.0,-0.1329498,-0.1329498,2043948601948602368,2043948601948602368,2391125883447738975,2026-04-14T07:05:00.523665+00:00,2026-04-14T07:33:13.161789+00:00
698,1766523174,UNIUSDT,closed_manual,0.0,-0.153828,-0.153828,2043948767917146112,2043948767917146112,2585760314046826461,2026-04-14T07:05:47.521359+00:00,2026-04-14T07:33:25.174734+00:00
814,1969755249,ADAUSDT,max_hold_time_exceeded,0.0,0.13523520000000003,0.13523520000000003,2044423167594524672,2044423167594524672,2044431265788944384,2026-04-15T14:30:44.959891+00:00,2026-04-15T15:02:52.321108+00:00
854,7675185179,ATOMUSDT,closed_tp,0.0,-0.058836388,-0.058836388,2044430850540244992,2044430850540244992,108150893524538740,2026-04-15T15:01:15.509618+00:00,2026-04-15T15:22:58.140225+00:00
682,1969755249,UNIUSDT,closed_manual,0.0,-0.5595804,-0.5595804,2043946065770377216,2043946065770377216,3060561659797875222,2026-04-14T06:54:57.262059+00:00,2026-04-14T07:06:17.958333+00:00
706,312485564,UNIUSDT,closed_manual,0.0,-0.927379090909095,-0.927379090909095,2043948851656531968,2043948851656531968,3842623092832715993,2026-04-14T07:06:05.505573+00:00,2026-04-14T07:33:17.453497+00:00
670,5874734020,UNIUSDT,closed_manual,0.0,-0.063729072727273,-0.063729072727273,2043946064486948864,2043946064486948864,6275923960309773078,2026-04-14T06:54:55.539919+00:00,2026-04-14T07:33:18.139801+00:00
704,5874734020,UNIUSDT,closed_manual,0.0,-0.061825272727273006,-0.061825272727273006,2043948821696626688,2043948821696626688,6275923960309773078,2026-04-14T07:05:58.315102+00:00,2026-04-14T07:33:18.227639+00:00
676,282898946,UNIUSDT,closed_manual,0.0,-0.253095,-0.253095,2043946064541446144,2043946064541446144,6068021311817169471,2026-04-14T06:54:56.42933+00:00,2026-04-14T07:33:23.462361+00:00
699,282898946,UNIUSDT,closed_manual,0.0,-0.243561,-0.243561,2043948768475103232,2043948768475103232,6068021311817169471,2026-04-14T07:05:47.693358+00:00,2026-04-14T07:33:23.549331+00:00
703,7582955848,UNIUSDT,closed_manual,0.0,-0.35893200000000003,-0.35893200000000003,2043948804957044736,2043948804957044736,5467985334342953621,2026-04-14T07:05:55.312433+00:00,2026-04-14T07:33:25.810865+00:00
681,7675185179,UNIUSDT,closed_manual,0.0,-0.2488863777777782,-0.2488863777777782,2043946065753624576,2043946065753624576,4676888486474849619,2026-04-14T06:54:57.108276+00:00,2026-04-14T07:33:26.336046+00:00
705,8429733088,UNIUSDT,closed_manual,0.0,-0.5214616615384637,-0.5214616615384637,2043948848535871488,2043948848535871488,1984487236163969942,2026-04-14T07:06:04.854216+00:00,2026-04-14T07:33:27.115001+00:00
730,7582955848,ETHUSDT,max_hold_time_exceeded,0.0,-0.476131446,-0.476131446,2044003936457490432,2044003936457490432,2044022320037425152,2026-04-14T10:44:52.208309+00:00,2026-04-14T11:57:52.150341+00:00
728,8030312242,ETHUSDT,closed_tp,0.0,0.56181912,0.56181912,2044003935710965760,2044003935710965760,1473324372179339632,2026-04-14T10:44:51.91666+00:00,2026-04-14T15:43:29.711503+00:00
727,1766523174,ETHUSDT,closed_tp,0.0,0.758455812,0.758455812,2044003935757045760,2044003935757045760,6188945421087526709,2026-04-14T10:44:51.731384+00:00,2026-04-14T15:43:31.776127+00:00
731,1187119989,ETHUSDT,closed_tp,0.0,0.365182428,0.365182428,2044003936352677888,2044003936352677888,4098427443080562787,2026-04-14T10:44:52.347123+00:00,2026-04-14T15:43:43.432905+00:00
725,7989568931,ETHUSDT,closed_tp,0.0,1.376456844,1.376456844,2044003934851112960,2044003934851112960,1348273647067095520,2026-04-14T10:44:51.358683+00:00,2026-04-14T15:43:46.007918+00:00
726,6954315669,ETHUSDT,closed_tp,0.0,0.365182428,0.365182428,2044003935337652224,2044003935337652224,6065370528325110812,2026-04-14T10:44:51.569861+00:00,2026-04-14T15:43:48.348929+00:00
732,2107355248,ETHUSDT,closed_tp,0.0,1.9382759639999998,1.9382759639999998,2044003939242553344,2044003939242553344,5171116928346278365,2026-04-14T10:44:52.888488+00:00,2026-04-14T15:43:40.172947+00:00
818,1969755249,DOGEUSDT,max_hold_time_exceeded,0.0,-0.054739428,-0.054739428,2044424530810408960,2044424530810408960,2044432149876948992,2026-04-15T14:36:10.576312+00:00,2026-04-15T15:06:23.134668+00:00
874,312485564,BNBUSDT,sideways_max_hold_exceeded,0.03178895,-0.03772928,-0.06951823,2044435033934905344,2044435033934905344,2044435811609206784,2026-04-15T15:17:50.650058+00:00,2026-04-15T15:20:56.604458+00:00
884,312485564,ATOMUSDT,closed_tp,0.0,-0.071504832,-0.071504832,2044435725114212352,2044435725114212352,6211690846413745927,2026-04-15T15:20:37.440251+00:00,2026-04-15T15:22:51.172921+00:00
900,312485564,ATOMUSDT,closed_tp,0.0,-0.142172784,-0.142172784,2044437205212770304,2044437205212770304,8160810791284532830,2026-04-15T15:26:32.474572+00:00,2026-04-15T15:30:27.322028+00:00
887,8429733088,ATOMUSDT,closed_tp,0.0,-0.081856082,-0.081856082,2044435940072304640,2044435940072304640,4662173334187583370,2026-04-15T15:21:28.781221+00:00,2026-04-15T15:30:41.227233+00:00
820,312485564,DOGEUSDT,max_hold_time_exceeded,0.0,-0.077197968,-0.077197968,2044424549382873088,2044424549382873088,2044432191434141696,2026-04-15T14:36:13.701026+00:00,2026-04-15T15:06:33.040797+00:00
735,5874734020,ETHUSDT,closed_tp,0.0,0.365182428,0.365182428,2044003939733299200,2044003939733299200,1506812854425066059,2026-04-14T10:44:53.313058+00:00,2026-04-14T15:43:38.520905+00:00
733,312485564,ETHUSDT,closed_tp,0.0,-2.6076725693333334,-2.6076725693333334,2044003939020210176,2044003939020210176,4603486545353779175,2026-04-14T10:44:53.045491+00:00,2026-04-14T18:43:21.039977+00:00
873,1969755249,BNBUSDT,sideways_max_hold_exceeded,0.0339345,-0.021092640000000003,-0.05502714,2044434979618672640,2044434979618672640,2044435743686619136,2026-04-15T15:17:37.799915+00:00,2026-04-15T15:20:40.165175+00:00
883,1969755249,ATOMUSDT,closed_tp,0.0,-0.054274752,-0.054274752,2044435656176652288,2044435656176652288,4736708960586000224,2026-04-15T15:20:22.160539+00:00,2026-04-15T15:22:46.010158+00:00
860,7582955848,ATOMUSDT,closed_tp,0.0,-0.06132168,-0.06132168,2044431602285428736,2044431602285428736,583689051173424459,2026-04-15T15:04:14.726845+00:00,2026-04-15T15:22:49.581555+00:00
902,7675185179,ATOMUSDT,closed_tp,0.0,-0.053355276,-0.053355276,2044437222778560512,2044437222778560512,893347094702922296,2026-04-15T15:26:35.081404+00:00,2026-04-15T15:30:42.972986+00:00
734,8429733088,ETHUSDT,max_hold_time_exceeded,0.0,-0.354155186,-0.354155186,2044003939963985920,2044003939963985920,2044022458021728256,2026-04-14T10:44:53.178141+00:00,2026-04-14T11:58:25.852396+00:00
724,7675185179,ETHUSDT,max_hold_time_exceeded,0.0,-0.238593544,-0.238593544,2044003934800744448,2044003934800744448,2044022505903886336,2026-04-14T10:44:51.115978+00:00,2026-04-14T11:58:36.390441+00:00
753,1087836223,BNBUSDT,closed_tp,0.673,0.0020995600000000003,-0.67090044,2044018609114460160,2044018609114460160,2044042855513464832,2026-04-14T11:43:08.65619+00:00,2026-04-14T15:43:28.894231+00:00
751,1766523174,SOLUSDT,closed_tp,5.52,0.9125296,-4.6074703999999995,2044018211465089024,2044018211465089024,6975159978439323157,2026-04-14T11:41:33.373428+00:00,2026-04-14T15:43:32.131582+00:00
740,282898946,BNBUSDT,closed_sl,-0.193,-0.0053029800000000005,0.18769702,2044017626615418880,2044017626615418880,507936425449821828,2026-04-14T11:39:14.11663+00:00,2026-04-14T18:43:22.393348+00:00
748,282898946,SOLUSDT,closed_sl,-2.12,-0.155209,1.9647910000000002,2044018165793312768,2044018165793312768,4342998936757981672,2026-04-14T11:41:22.745616+00:00,2026-04-15T01:36:11.482315+00:00
749,7582955848,DOGEUSDT,closed_sl,-0.8418,-0.106894448,0.734905552,2044018186366324736,2044018186366324736,3013243220664712849,2026-04-14T11:41:27.510618+00:00,2026-04-15T01:36:13.321829+00:00
747,7675185179,SOLUSDT,closed_sl,-4.36,-0.1542084,4.2057916,2044017935760822272,2044017935760822272,1200786249816818330,2026-04-14T11:40:27.912365+00:00,2026-04-15T01:36:40.060461+00:00
741,7582955848,BNBUSDT,closed_sl,-0.762,-0.0619331266666666,0.7000668733333334,2044017641756893184,2044017641756893184,8180427450518989669,2026-04-14T11:39:18.291784+00:00,2026-04-15T08:46:41.313006+00:00
746,7582955848,XRPUSDT,closed_sl,-0.76,-0.09965669999999999,0.6603433000000001,2044017925744861184,2044017925744861184,1095041830509746548,2026-04-14T11:40:25.534663+00:00,2026-04-15T08:46:41.633349+00:00
744,7989568931,XRPUSDT,closed_sl,-0.608,-0.0801256,0.5278744,2044017912759234560,2044017912759234560,3729429160643599850,2026-04-14T11:40:23.215716+00:00,2026-04-15T08:46:43.294114+00:00
738,8030312242,BNBUSDT,closed_sl,-0.758,-0.05076896,0.70723104,2044017571607175168,2044017571607175168,4873729552412928316,2026-04-14T11:39:02.743039+00:00,2026-04-15T08:46:44.40967+00:00
752,8030312242,XRPUSDT,closed_sl,-0.616,-0.03866196,0.57733804,2044018362992668672,2044018362992668672,9105904332181252154,2026-04-14T11:42:09.555309+00:00,2026-04-15T08:46:44.739852+00:00
737,1766523174,BNBUSDT,closed_sl,-0.756,-0.051269260000000004,0.70473074,2044017522621861888,2044017522621861888,2519020216414436982,2026-04-14T11:38:49.917922+00:00,2026-04-15T08:46:57.611037+00:00
776,1187119989,LINKUSDT,closed_sl,-11.3982,-0.168590616,11.229609384,2044061737204662272,2044061737204662272,4245209347058844927,2026-04-14T14:34:30.751767+00:00,2026-04-14T15:43:43.802653+00:00
777,7989568931,LINKUSDT,closed_sl,-69.273,-1.1170480680000001,68.155951932,2044061926690754560,2044061926690754560,1251017700224737922,2026-04-14T14:35:16.466106+00:00,2026-04-14T15:43:46.465116+00:00
771,1969755249,LINKUSDT,closed_sl,-51.2766,-2.4031508759999998,48.873449124000004,2044058874378297344,2044058874378297344,4019083535824382199,2026-04-14T14:23:08.195748+00:00,2026-04-14T15:43:53.089741+00:00
779,1969755249,ETHUSDT,closed_sl,-124.117,-0.79927596,123.31772404,2044064425829081088,2044064425829081088,1307867350393260641,2026-04-14T14:45:11.806376+00:00,2026-04-14T15:43:53.369957+00:00
778,8429733088,ETHUSDT,closed_sl,-42.804,-1.91445432,40.889545680000005,2044063468202278912,2044063468202278912,1260352549598649314,2026-04-14T14:41:23.512853+00:00,2026-04-14T15:44:02.343991+00:00
763,1187119989,DOGEUSDT,closed_sl,-6.897,-0.21926748799999998,6.677732512,2044023721828327424,2044023721828327424,8812054792309398470,2026-04-14T12:03:27.149064+00:00,2026-04-15T01:36:16.627715+00:00
764,1187119989,ATOMUSDT,closed_sl,-7.3626,-0.211017824,7.151582176,2044023960861724672,2044023960861724672,7717406765252692347,2026-04-14T12:04:24.17036+00:00,2026-04-15T01:36:17.272155+00:00
761,5874734020,DOGEUSDT,closed_sl,-11.87256,-0.32129905400000003,11.551260946,2044023706095599616,2044023706095599616,95534877443621614,2026-04-14T12:03:23.376945+00:00,2026-04-15T01:36:24.205256+00:00
757,2107355248,DOGEUSDT,closed_sl,-45.31,-1.372763768,43.937236232000004,2044023458963013632,2044023458963013632,575138118980478861,2026-04-14T12:02:25.066049+00:00,2026-04-15T01:36:25.941653+00:00
773,2107355248,ATOMUSDT,closed_sl,-65.82765,-2.7025784379999997,63.125071562,2044061021522132992,2044061021522132992,7761741592079358509,2026-04-14T14:31:40.203354+00:00,2026-04-15T01:36:26.34017+00:00
759,7675185179,DOGEUSDT,closed_sl,-47.613,-1.422013086,46.190986914,2044023477791145984,2044023477791145984,7395901899001831970,2026-04-14T12:02:29.365565+00:00,2026-04-15T01:36:40.332581+00:00
762,2107355248,BNBUSDT,closed_sl,-40.71,-1.2177722486956521,39.49222775130435,2044023712156352512,2044023712156352512,9214266288818041819,2026-04-14T12:03:25.220041+00:00,2026-04-15T08:47:01.187391+00:00
756,5874734020,BNBUSDT,closed_sl,-10.62,-0.33700008,10.28299992,2044023452000468992,2044023452000468992,4234593606301948788,2026-04-14T12:02:23.624888+00:00,2026-04-15T08:47:06.0942+00:00
736,282898946,ETHUSDT,closed_tp,0.0,1.151729196,1.151729196,2044003939984961536,2044003939984961536,6995769603316082099,2026-04-14T10:44:53.450838+00:00,2026-04-14T15:43:23.735341+00:00
774,282898946,LINKUSDT,closed_sl,-45.6372,-1.093503536,44.543696464,2044061057622507520,2044061057622507520,4516232283068577425,2026-04-14T14:31:49.170278+00:00,2026-04-14T15:43:24.078387+00:00
743,1087836223,XRPUSDT,closed_tp,0.144,0.0009567799999999997,-0.14304322,2044017885802442752,2044017885802442752,2044041141636870144,2026-04-14T11:40:15.916686+00:00,2026-04-14T15:43:28.340598+00:00
775,6954315669,LINKUSDT,closed_sl,-10.39355,-0.423768364,9.969781635999999,2044061237268754432,2044061237268754432,2729330698060415264,2026-04-14T14:32:32.449801+00:00,2026-04-14T15:43:48.657018+00:00
651,1969755249,BNBUSDT,closed_tp,220.48,3.1260164,-217.3539836,2043797152505634816,2043797152505634816,2044057148195659776,2026-04-13T21:03:07.922777+00:00,2026-04-14T15:43:52.661721+00:00
780,1969755249,UNIUSDT,closed_sl,-63.1703,-1.4356813999999998,61.7346186,2044065594014007296,2044065594014007296,8606890150524190995,2026-04-14T14:49:50.417082+00:00,2026-04-14T15:43:53.6558+00:00
796,7675185179,BNBUSDT,sideways_max_hold_exceeded,-0.4329254,0.005112893333333301,0.43803829333333333,2044116620893110272,2044116620893110272,2044117290656251904,2026-04-14T18:12:35.41778+00:00,2026-04-14T18:15:15.172927+00:00
786,1969755249,ATOMUSDT,closed_sl,-94.1376,-1.2635428960000001,92.874057104,2044070860126257152,2044070860126257152,1468844895121991981,2026-04-14T15:10:46.07914+00:00,2026-04-14T18:43:45.225485+00:00
790,1969755249,ADAUSDT,closed_sl,-55.62,-1.78891842,53.831081579999996,2044074498064248832,2044074498064248832,4036233896752275122,2026-04-14T15:25:13.409248+00:00,2026-04-14T23:56:09.924488+00:00
781,1969755249,AVAXUSDT,closed_sl,-122.0725,-0.7103592,121.3621408,2044065858213261312,2044065858213261312,1883577257253983187,2026-04-14T14:50:53.324106+00:00,2026-04-14T23:56:10.936231+00:00
788,1969755249,AVAXUSDT,closed_sl,-53.548,-0.7096176,52.8383824,2044071752103751680,2044071752103751680,1883577257253983187,2026-04-14T15:14:18.648618+00:00,2026-04-14T23:56:11.274943+00:00
782,282898946,XRPUSDT,closed_sl,-34.6437,-1.0403308999999998,33.6033691,2044068511186046976,2044068511186046976,238357199153840608,2026-04-14T15:01:25.899413+00:00,2026-04-15T01:36:11.798579+00:00
784,7989568931,AVAXUSDT,closed_sl,-31.08,-1.251744,29.828256,2044069485828943872,2044069485828943872,1816910873210065835,2026-04-14T15:05:18.180189+00:00,2026-04-15T01:36:29.395037+00:00
787,6954315669,ADAUSDT,closed_sl,-11.8508,-0.22210074000000002,11.62869926,2044070970679721984,2044070970679721984,6986671437895243884,2026-04-14T15:11:12.1686+00:00,2026-04-15T01:36:31.188319+00:00
789,1973887645,SOLUSDT,closed_sl,-10.53,-0.1351838,10.3948162,2044074250197610496,2044074250197610496,7694474785277342130,2026-04-14T15:24:14.335331+00:00,2026-04-15T01:36:32.521075+00:00
791,1973887645,ATOMUSDT,closed_sl,-4.6672,-0.146329502,4.520870498,2044074526254166016,2044074526254166016,8225954321305434754,2026-04-14T15:25:19.909079+00:00,2026-04-15T01:36:32.885084+00:00
792,1973887645,XRPUSDT,closed_sl,-4.6494,-0.13160748,4.51779252,2044075001426784256,2044075001426784256,1248839411718016214,2026-04-14T15:27:13.152689+00:00,2026-04-15T01:36:33.239109+00:00
793,1973887645,ADAUSDT,closed_sl,-3.496,-0.13545712,3.36054288,2044075234080706560,2044075234080706560,1342507763500038716,2026-04-14T15:28:08.595314+00:00,2026-04-15T01:36:33.60337+00:00
799,8429733088,BNBUSDT,sideways_max_hold_exceeded,-0.79140544,-0.02946132,0.76194412,2044116627553587200,2044116627553587200,2044117283962142720,2026-04-14T18:12:39.98489+00:00,2026-04-14T18:15:13.44903+00:00
795,1973887645,BNBUSDT,sideways_max_hold_exceeded,-0.40729633,-0.00982044,0.39747589,2044116614987522048,2044116614987522048,2044117284964642816,2026-04-14T18:12:34.867154+00:00,2026-04-14T18:15:14.074806+00:00
798,2107355248,BNBUSDT,sideways_max_hold_exceeded,-0.38889244,0.00656706,0.3954595,2044116621463535616,2044116621463535616,2044117292082315264,2026-04-14T18:12:35.718923+00:00,2026-04-14T18:15:15.508493+00:00
801,282898946,BNBUSDT,sideways_max_hold_exceeded,-0.28633037,0.001379560000000001,0.28770993,2044116647459831808,2044116647459831808,2044117295941173248,2026-04-14T18:12:41.366073+00:00,2026-04-14T18:15:16.466628+00:00
800,312485564,BNBUSDT,sideways_max_hold_exceeded,-1.18245154,-0.03928176,1.14316978,2044116642275594240,2044116642275594240,2044117292677898240,2026-04-14T18:12:40.585003+00:00,2026-04-14T18:15:15.721998+00:00
794,7582955848,BNBUSDT,sideways_max_hold_exceeded,-0.34097552,0.005112893333333301,0.3460884133333333,2044116608444416000,2044116608444416000,2044117284138295296,2026-04-14T18:12:33.253861+00:00,2026-04-14T18:15:13.701021+00:00
797,1969755249,BNBUSDT,sideways_max_hold_exceeded,-0.58718454,-0.01964088,0.56754366,2044116621434097664,2044116621434097664,2044117285891584000,2026-04-14T18:12:35.559711+00:00,2026-04-14T18:15:14.256334+00:00
668,312485564,ETHUSDT,closed_sl,-57.7935,-2.4593768333333332,55.33412316666667,2043882291155730432,2043882291155730432,4603486545353779175,2026-04-14T02:41:26.560981+00:00,2026-04-14T18:43:20.763039+00:00
650,1969755249,DOTUSDT,closed_sl,-47.9205,-0.80541628,47.115083719999994,2043796722723627008,2043796722723627008,2679719659840399418,2026-04-13T21:01:25.54058+00:00,2026-04-14T18:43:44.890321+00:00
785,8429733088,UNIUSDT,closed_sl,-112.5604,-1.081839,111.478561,2044070355396333568,2044070355396333568,3804394702438476410,2026-04-14T15:08:45.565615+00:00,2026-04-14T18:43:51.928885+00:00
803,312485564,BNBUSDT,sideways_max_hold_exceeded,1.06515702,-0.032868800000000004,-1.09802582,2044143521351188480,2044143521351188480,2044144212945752064,2026-04-14T19:59:28.59967+00:00,2026-04-14T20:02:15.250646+00:00
802,2107355248,BNBUSDT,sideways_max_hold_exceeded,0.34204134,-0.0296378904347826,-0.3716792304347826,2044143516573818880,2044143516573818880,2044144214657019904,2026-04-14T19:59:27.994158+00:00,2026-04-14T20:02:15.610303+00:00
649,1969755249,AVAXUSDT,closed_sl,-21.17745,-0.6816582,20.4957918,2043796274574913536,2043796274574913536,1883577257253983187,2026-04-13T20:59:38.595642+00:00,2026-04-14T23:56:10.263849+00:00
745,282898946,DOGEUSDT,closed_sl,-0.742,-0.09393931999999999,0.64806068,2044017914378297344,2044017914378297344,8225435510812804855,2026-04-14T11:40:23.628981+00:00,2026-04-15T01:36:11.040253+00:00
766,7582955848,ATOMUSDT,closed_sl,-41.5107,-1.189947872,40.320752128,2044024209244205056,2044024209244205056,1715494885741271655,2026-04-14T12:05:24.135918+00:00,2026-04-15T01:36:13.719868+00:00
783,1187119989,AVAXUSDT,closed_sl,-4.509,-0.1241738,4.3848262,2044069293180354560,2044069293180354560,4647096653376622802,2026-04-14T15:04:32.225332+00:00,2026-04-15T01:36:17.560476+00:00
755,6954315669,DOGEUSDT,closed_sl,-9.085,-0.287897172,8.797102828000002,2044023362263302144,2044023362263302144,5566221956838211767,2026-04-14T12:02:03.029215+00:00,2026-04-15T01:36:30.799165+00:00
739,7989568931,BNBUSDT,closed_sl,-0.378,-0.05076896,0.32723104000000003,2044017620445630464,2044017620445630464,6945821521645826595,2026-04-14T11:39:12.943305+00:00,2026-04-15T08:46:42.96169+00:00
742,7675185179,BNBUSDT,closed_sl,-1.5,-0.0619331266666666,1.4380668733333335,2044017655560388608,2044017655560388608,5140096158351347315,2026-04-14T11:39:20.858753+00:00,2026-04-15T08:47:57.342409+00:00
